NodeIdentifier, Zone, PickupType, PickupDetails, UberGroupName, UberGroup, UberIdName, UberId, UberStateValue, X, Y, MapX, MapY
MarshSpawn.RockHC, Inkwater Marsh, Resource, Life, swampStateGroup, 21786, healthContainerA, 60210, , -958.6, -4313.2, -958.6, -4313.2
MarshSpawn.FirstPickupEX, Inkwater Marsh, SpiritLight, 50, swampStateGroup, 21786, smallExpA, 49485, , -764.1, -4313.4, -764.1, -4313.4
MarshSpawn.GrappleHC, Inkwater Marsh, Resource, Life, swampStateGroup, 21786, healthContainerA, 25761, , -718.5, -4277.9, -718.5, -4277.9
MarshSpawn.BridgeEX, Inkwater Marsh, SpiritLight, 50, swampStateGroup, 21786, xpOrbA, 6987, , -739.6, -4324.3, -739.6, -4324.3
MarshSpawn.ResilienceShard, Inkwater Marsh, Shard, Resilience, pickupsGroup, 23987, barrierShardPickup, 59173, , -791.0, -4334.0, -791.0, -4334.0
MarshSpawn.ResilienceOre, Inkwater Marsh, Resource, Ore, swampStateGroup, 21786, gorlekOreA, 29892, , -810.9, -4334.6, -810.9, -4334.6
MarshSpawn.BashEC, Inkwater Marsh, Resource, Energy, swampStateGroup, 21786, halfEnergyCellA, 7152, , -667.8, -4329.7, -667.8, -4329.7
MarshSpawn.PreLupoEX, Inkwater Marsh, SpiritLight, 50, inkwaterMarshStateGroup, 9593, xpOrbA, 5929, , -656.8, -4342.1, -656.8, -4342.1
MarshSpawn.LupoMap, Inkwater Marsh, Shop, LupoZoneMap, npcsStateGroup, 48248, hasMapInkwaterMarsh, 18767, , -589, -4348, -589, -4348
MarshSpawn.RegenTree, Inkwater Marsh, Ability, Regenerate, treesDontWorry, 0, Regenerate, 77, , -539, -4406, -539, -4406
MarshSpawn.LeverEC, Inkwater Marsh, Resource, Energy, swampStateGroup, 21786, energyHalfCell, 17920, , -625.9, -4418.0, -625.9, -4418.0
MarshSpawn.LeftTokkEX, Inkwater Marsh, SpiritLight, 50, swampStateGroup, 21786, expOrb, 59513, , -755.8, -4422.9, -755.8, -4422.9
MarshSpawn.FightRoomEX, Inkwater Marsh, SpiritLight, 50, inkwaterMarshStateGroup, 9593, xpOrb, 42047, , -783.3, -4452.0, -783.3, -4452.0
MarshSpawn.CaveKS, Inkwater Marsh, Resource, Keystone, swampStateGroup, 21786, swampWalljumpChallengeBKeystoneBCollected, 64677, , -851.8, -4403.2, -851.8, -4403.2
MarshSpawn.TokkKeystoneQuest, Inkwater Marsh, Quest, Keystone, npcsStateGroup, 48248, marshKeystoneQuest, 51645, 3, -695, -4417, -695, -4417
MarshSpawn.CaveOre, Inkwater Marsh, Resource, Ore, inkwaterMarshStateGroup, 9593, gorlekOreA, 23858, , -858.0, -4422.2, -858.0, -4422.2
MarshSpawn.LongSwimEX, Inkwater Marsh, SpiritLight, 100, swampStateGroup, 21786, mediumExpA, 23154, , -837.5, -4314.6, -837.5, -4314.6
MarshSpawn.BurrowOre, Inkwater Marsh, Resource, Ore, inkwaterMarshStateGroup, 9593, gorlekOreA, 20382, , -935.1, -4356.8, -935.1, -4356.8
MarshSpawn.LifepactShard, Inkwater Marsh, Shard, LifePact, pickupsGroup, 23987, bloodPactShardPickup, 50415, , -916.7, -4398.3, -916.7, -4398.3
MarshSpawn.BurrowsApproachLedgeEX, Inkwater Marsh, SpiritLight, 50, howlsOriginGroup, 24922, smallExpA, 32076, , -1002.0, -4450.8, -1002.0, -4450.8
MarshSpawn.CrusherSwimEX, Inkwater Marsh, SpiritLight, 200, howlsOriginGroup, 24922, largeExpA, 62138, , -979.7, -4509.3, -979.7, -4509.3
MarshSpawn.TokkTabletQuest, Inkwater Marsh, Quest, SL1000, npcsStateGroup, 48248, inkwaterWellQuest, 18458, 4, -932, -4494, -932, -4494
MarshSpawn.RecklessShard, Inkwater Marsh, Shard, Reckless, pickupsGroup, 23987, recklessShardPickup, 9864, , -499.2, -4411.0, -499.2, -4411.0
MarshSpawn.FangEC, Inkwater Marsh, Resource, Energy, swampStateGroup, 21786, halfEnergyCellA, 61706, , -233.4, -4384.4, -233.4, -4384.4
MarshSpawn.FangQI, Inkwater Marsh, Quest, Fang, questUberStateGroup, 14019, braveMokiItemCollected, 27539, , -221.9, -4406.5, -221.9, -4406.5
MarshSpawn.MokkFangQuest, Inkwater Marsh, Quest, Ore, questUberStateGroup, 14019, braveMokiQuest, 15983, 3, -391, -4414, -391, -4414
MarshSpawn.DamageTree, Inkwater Marsh, Ability, AncestralLight, treesDontWorry, 0, AncestralLight, 121, , -840, -4488, -840, -4488
MarshSpawn.PoolsPathEX, Inkwater Marsh, SpiritLight, 200, swampStateGroup, 21786, largeExpA, 21727, , -1014.5, -4268.0, -1014.5, -4268.0
MidnightBurrows.LeftKS, Midnight Burrows, Resource, Keystone, howlsOriginGroup, 24922, keystoneA, 60358, , -799.5, -4579.5, -799.5, -4579.5
MidnightBurrows.RightKS, Midnight Burrows, Resource, Keystone, howlsOriginGroup, 24922, keystoneA, 47244, , -597.4, -4548.3, -597.4, -4548.3
MidnightBurrows.UpperKS, Midnight Burrows, Resource, Keystone, howlsOriginGroup, 24922, keystoneA, 34250, , -725.2, -4520.3, -725.2, -4520.3
MidnightBurrows.LowerKS, Midnight Burrows, Resource, Keystone, howlsOriginGroup, 24922, keystoneB, 33535, , -703.8, -4607.2, -703.8, -4607.2
MidnightBurrows.LupoMap, Midnight Burrows, Shop, LupoZoneMap, npcsStateGroup, 48248, hasMapHowlsOrigin, 45538, , -870, -4555, -870, -4555
MidnightBurrows.DeflectorShard, Midnight Burrows, Shard, Deflector, howlsOriginGroup, 24922, spiritShard, 46311, , -773.6, -4527.5, -773.6, -4527.5
MidnightBurrows.TabletQI, Midnight Burrows, Quest, Tablet, questUberStateGroup, 14019, howlsOriginTreasureCollected, 52747, , -848.7, -4529.1, -848.7, -4529.1
HowlsDen.UpperEX, Inkwater Marsh, SpiritLight, 50, swampStateGroup, 21786, xpOrbB, 43668, , -434.3, -4419.8, -434.3, -4419.8
HowlsDen.RightHC, Inkwater Marsh, Resource, Life, swampStateGroup, 21786, halfHealthCellA, 28908, , -332.3, -4438.6, -332.3, -4438.6
HowlsDen.LeftHC, Inkwater Marsh, Resource, Life, inkwaterMarshStateGroup, 9593, healthContainer, 61304, , -569.7, -4454.1, -569.7, -4454.1
HowlsDen.AboveDoorKS, Inkwater Marsh, Resource, Keystone, swampStateGroup, 21786, keyStone, 22068, , -439.5, -4461.4, -439.5, -4461.4
HowlsDen.MagnetShard, Inkwater Marsh, Shard, Magnet, swampStateGroup, 21786, spiritShardA, 63545, , -239.2, -4440.4, -239.2, -4440.4
HowlsDen.SwordTree, Inkwater Marsh, Ability, SpiritEdge, treesDontWorry, 0, SpiritEdge, 100, , -296, -4483, -296, -4483
HowlsDen.BoneOre, Inkwater Marsh, Resource, Ore, swampStateGroup, 21786, gorlekOreA, 2046, , -432.6, -4503.3, -432.6, -4503.3
HowlsDen.AboveTPEX, Inkwater Marsh, SpiritLight, 50, swampStateGroup, 21786, xpOrbC, 16206, , -388.6, -4502.7, -388.6, -4502.7
HowlsDen.LaserKS, Inkwater Marsh, Resource, Keystone, swampStateGroup, 21786, laserPuzzleSolved, 2852, , -399.9, -4567.2, -399.9, -4567.2
HowlsDen.CombatShrine, Inkwater Marsh, Resource, ShardSlot, howlsOriginGroup, 24922, shrineArena, 13993, , -328.1, -4565.5, -328.1, -4565.5
HowlsDen.DoubleJumpEX, Inkwater Marsh, SpiritLight, 50, inkwaterMarshStateGroup, 9593, expOrb, 17818, , -507.9, -4536.6, -507.9, -4536.6
HowlsDen.StickyShard, Inkwater Marsh, Shard, Sticky, pickupsGroup, 23987, glueShardPickup, 27134, , -547.8, -4529.3, -547.8, -4529.3
HowlsDen.DoubleJumpTree, Inkwater Marsh, Ability, DoubleJump, treesDontWorry, 0, DoubleJump, 5, , -555, -4551, -555, -4551
MarshPastOpher.TrialLeftEX, Inkwater Marsh, SpiritLight, 100, inkwaterMarshStateGroup, 9593, expOrbA, 5253, , -527.9, -4354.1, -527.9, -4354.1
MarshPastOpher.TrialOre, Inkwater Marsh, Resource, Ore, inkwaterMarshStateGroup, 9593, gorlekOreA, 25989, , -501.5, -4340.0, -501.5, -4340.0
MarshPastOpher.TrialEC, Inkwater Marsh, Resource, Energy, inkwaterMarshStateGroup, 9593, halfEnergyCellA, 27562, , -473.8, -4339.6, -473.8, -4339.6
MarshPastOpher.TrialHC, Inkwater Marsh, Resource, Life, swampStateGroup, 21786, lifeCellA, 20194, , -437.7, -4380.8, -437.7, -4380.8
MarshPastOpher.TrialRightEX, Inkwater Marsh, SpiritLight, 100, swampStateGroup, 21786, largeExpA, 10413, , -344.1, -4356.9, -344.1, -4356.9
MarshPastOpher.SpiritTrial, Inkwater Marsh, SpiritLight, 1000, raceGroup, 44964, inkwaterMarshRace, 45951, 2, -614, -4319, -614, -4319
MarshPastOpher.CombatShrine, Inkwater Marsh, Resource, ShardSlot, swampStateGroup, 21786, enemyRoom, 18109, , -382.6, -4338.3, -382.6, -4338.3
MarshPastOpher.SwingPoleEX, Inkwater Marsh, SpiritLight, 50, inkwaterMarshStateGroup, 9593, expOrb, 59344, , -492.7, -4261.3, -492.7, -4261.3
MarshPastOpher.LeftEyestone, Inkwater Marsh, Resource, Eyestone, swampStateGroup, 21786, keyStoneA, 27433, , -461.3, -4195.3, -461.3, -4195.3
MarshPastOpher.RightEyestone, Inkwater Marsh, Resource, Eyestone, swampStateGroup, 21786, keyStoneB, 37225, , -394.0, -4188.3, -394.0, -4188.3
MarshPastOpher.BowEC, Inkwater Marsh, Resource, Energy, swampStateGroup, 21786, energyHalfCellA, 10295, , -421.5, -4272.4, -421.5, -4272.4
MarshPastOpher.BowTree, Inkwater Marsh, Ability, SpiritArc, treesDontWorry, 0, SpiritArc, 97, , -457, -4267, -457, -4267
MarshPastOpher.CeilingEX, Inkwater Marsh, SpiritLight, 100, swampStateGroup, 21786, mediumExpA, 50255, , -641.3, -4223.0, -641.3, -4223.0
MarshPastOpher.PoolsPathEC, Inkwater Marsh, Resource, Energy, inkwaterMarshStateGroup, 9593, energyContainer, 26457, , -662.8, -4186.5, -662.8, -4186.5
MarshPastOpher.PoolsPathEX, Inkwater Marsh, SpiritLight, 200, lagoonStateGroup, 945, largeExpC, 10833, , -802.3, -4186.1, -802.3, -4186.1
WestHollow.CrusherHC, Kwoloks Hollow, Resource, Life, kwolokGroupDescriptor, 937, healthHalfCell, 61897, , -254.6, -4224.1, -254.6, -4224.1
WestHollow.FarLeftEX, Kwoloks Hollow, SpiritLight, 50, kwolokGroupDescriptor, 937, smallExpOrbPlaceholder, 16163, , -357.7, -4294.4, -357.7, -4294.4
WestHollow.RockPuzzleEX, Kwoloks Hollow, SpiritLight, 50, kwolokGroupDescriptor, 937, smallExpOrbPlaceholder, 2538, , -296.9, -4292.9, -296.9, -4292.9
WestHollow.HiddenEC, Kwoloks Hollow, Resource, Energy, kwolokGroupDescriptor, 937, energyHalfContainer, 8518, , -238.4, -4301.5, -238.4, -4301.5
WestHollow.QuickshotShard, Kwoloks Hollow, Shard, Quickshot, pickupsGroup, 23987, frenzyShardPickup, 61017, , -311.2, -4325.5, -311.2, -4325.5
WestHollow.SwimEC, Kwoloks Hollow, Resource, Energy, kwolokGroupDescriptor, 937, energyHalfContainer, 24175, , -177.8, -4354.2, -177.8, -4354.2
WestHollow.LupoMap, Kwoloks Hollow, Shop, LupoZoneMap, npcsStateGroup, 48248, hasMapKwoloksHollow, 3638, , -146, -4321, -146, -4321
WestHollow.TrialHC, Kwoloks Hollow, Resource, Life, kwolokGroupDescriptor, 937, halfHealthCell, 2463, , -122.0, -4268.2, -122.0, -4268.2
WestHollow.SpiritTrial, Kwoloks Hollow, SpiritLight, 1000, raceGroup, 44964, kwolokDropRace, 25545, 2, -115, -4259, -115, -4259
WestHollow.BelowLupoEX, Kwoloks Hollow, SpiritLight, 50, kwolokGroupDescriptor, 937, smallExpOrbPlaceholderA, 48192, , -82.3, -4369.6, -82.3, -4369.6
WestHollow.AboveDashEX, Kwoloks Hollow, SpiritLight, 50, kwolokGroupDescriptor, 937, smallExpOrbPlaceholderC, 61744, , -100.0, -4407.2, -100.0, -4407.2
WestHollow.DashRightEX, Kwoloks Hollow, SpiritLight, 50, kwolokGroupDescriptor, 937, smallExpOrbPlaceholder, 37926, , 11.6, -4401.1, 11.6, -4401.1
WestHollow.CrusherEX, Kwoloks Hollow, SpiritLight, 200, kwolokGroupDescriptor, 937, xpOrbA, 50176, , -37.5, -4452.6, -37.5, -4452.6
WestHollow.DashTree, Kwoloks Hollow, Ability, Dash, treesDontWorry, 0, Dash, 102, , -69, -4453, -69, -4453
EastHollow.HandToHandMap, Kwoloks Hollow, Quest, Map, questUberStateGroup, 14019, tradeSequenceQuest, 26318, 1, -110, -4220, -110, -4220
EastHollow.GladesApproachOre, Kwoloks Hollow, Resource, Ore, kwolokGroupDescriptor, 937, gromOreA, 10729, , -97.6, -4190.1, -97.6, -4190.1
EastHollow.HornBeetleFightEX, Kwoloks Hollow, SpiritLight, 50, kwolokGroupDescriptor, 937, xpOrbA, 13413, , -86.0, -4210.3, -86.0, -4210.3
EastHollow.SpikeLanternEX, Kwoloks Hollow, SpiritLight, 50, kwolokGroupDescriptor, 937, xpOrbB, 5568, , -55.3, -4200.8, -55.3, -4200.8
EastHollow.SecretRoofEX, Kwoloks Hollow, SpiritLight, 100, kwolokGroupDescriptor, 937, mediumExpA, 45987, , 8.9, -4197.7, 8.9, -4197.7
EastHollow.MortarEX, Kwoloks Hollow, SpiritLight, 100, kwolokGroupDescriptor, 937, mediumExpC, 19529, , 57.5, -4189.3, 57.5, -4189.3
EastHollow.BashEC, Kwoloks Hollow, Resource, Energy, kwolokGroupDescriptor, 937, energyHalfCell, 23772, , 46.8, -4236.6, 46.8, -4236.6
EastHollow.BashHC, Kwoloks Hollow, Resource, Life, bashIntroductionA__clone1Group, 13428, healthContainerA, 59730, , 84.0, -4263.0, 84.0, -4263.0
EastHollow.BashEX, Kwoloks Hollow, SpiritLight, 100, kwolokGroupDescriptor, 937, mediumExpB, 30182, , -31.4, -4302.3, -31.4, -4302.3
EastHollow.BashTree, Kwoloks Hollow, Ability, Bash, treesDontWorry, 0, Bash, 0, , -20, -4326, -20, -4326
EastHollow.KwolokAmuletQuest, Kwoloks Hollow, Quest, SL500, questUberStateGroup, 14019, kwoloksWisdomQuest, 50597, 4, 240, -4207, 240, -4207
EastHollow.RightKwolokEX, Kwoloks Hollow, SpiritLight, 100, _petrifiedForestGroup, 58674, expOrbA, 20983, , 289.0, -4195.7, 289.0, -4195.7
EastHollow.SilentSwimEC, Kwoloks Hollow, Resource, Energy, _petrifiedForestGroup, 58674, energyContainerA, 9583, , 331.9, -4191.3, 331.9, -4191.3
EastHollow.SplinterShard, Kwoloks Hollow, Shard, Splinter, pickupsGroup, 23987, splinterShardPickup, 62973, , 216.2, -4307.3, 216.2, -4307.3
EastHollow.ForestsVoice, Kwoloks Hollow, Wisp, Voice, kwoloksCavernThroneRoomGroup, 46462, wispRewardPickup, 59806, , 191, -4212, 191, -4212
EastHollow.KwolokSwimOre, Kwoloks Hollow, Resource, Ore, kwoloksCavernThroneRoomGroup, 46462, gorlekOreA, 37897, , 243.4, -4223.5, 243.4, -4223.5
EastHollow.KwolokSwimLeftEX, Kwoloks Hollow, SpiritLight, 200, kwoloksCavernThroneRoomGroup, 46462, largeExpA, 29054, , 113.0, -4228.5, 113.0, -4228.5
EastHollow.KwolokSwimRightEX, Kwoloks Hollow, SpiritLight, 50, kwoloksCavernThroneRoomGroup, 46462, smallExpA, 20780, , 161.5, -4244.8, 161.5, -4244.8
EastHollow.DepthsExteriorEX, Kwoloks Hollow, SpiritLight, 100, mouldwoodDepthsGroup, 18793, mediumExpB, 42980, , 130.9, -4272.0, 130.9, -4272.0
GladesTown.HandToHandPouch, Wellspring Glades, Quest, Pouch, questUberStateGroup, 14019, tradeSequenceQuest, 26318, 2, -282, -4155, -282, -4155
GladesTown.HandToHandLantern, Wellspring Glades, Quest, Lantern, questUberStateGroup, 14019, tradeSequenceQuest, 26318, 6, -426, -4155, -426, -4155
GladesTown.HandToHandCanteen, Wellspring Glades, Quest, Canteen, questUberStateGroup, 14019, tradeSequenceQuest, 26318, 9, -410, -4142, -410, -4142
GladesTown.FamilyReunionKey, Wellspring Glades, Quest, Key, questUberStateGroup, 14019, familyReunionQuest, 27804, 2, -385, -4161, -385, -4161
GladesTown.AcornQI, Wellspring Glades, Quest, Acorn, questUberStateGroup, 14019, darkCaveQuestItemCollected, 2782, , -10.5, -4549.7, -366, -4185
GladesTown.MokiAcornQuest, Wellspring Glades, Quest, SL500, questUberStateGroup, 14019, darkCaveQuest, 33776, 3, -358, -4185, -358, -4185
GladesTown.HoleHutEC, Wellspring Glades, Resource, Energy, hubUberStateGroup, 42178, energyCellA, 52786, , -116.0, -4538.5, -230, -4095
GladesTown.AboveGromHC, Wellspring Glades, Resource, Life, wellspringGladesGroup, 44310, lifeVesselA, 29043, , -326.3, -4102.1, -326.3, -4102.1
GladesTown.LupoSwimHC, Wellspring Glades, Resource, Life, wellspringGladesGroup, 44310, lifeVesselB, 17523, , -160.4, -4192.2, -160.4, -4192.2
GladesTown.UpperOre, Wellspring Glades, Resource, Ore, hubUberStateGroup, 42178, gorlekOreB, 27110, , -418.4, -4103.5, -418.4, -4103.5
GladesTown.LowerOre, Wellspring Glades, Resource, Ore, hubUberStateGroup, 42178, gorlekOreA, 23125, , -415.7, -4173.6, -415.7, -4173.6
GladesTown.ArcingShard, Wellspring Glades, Shard, Arcing, pickupsGroup, 23987, chainLightningPickup, 23015, , -324.4, -4134.1, -324.4, -4134.1
GladesTown.BountyShard, Wellspring Glades, Shard, Bounty, pickupsGroup, 23987, focusShardPickup, 14014, , -247.3, -4105.0, -247.3, -4105.0
GladesTown.LupoSoupEX, Wellspring Glades, SpiritLight, 100, hubUberStateGroup, 42178, hutAExpOrb, 51468, , -160.8, -4521.3, -209, -4163
GladesTown.BraveMokiHutEX, Wellspring Glades, SpiritLight, 100, hubUberStateGroup, 42178, hutBExpOrb, 13327, , -176.7, -4541.0, -329, -4123
GladesTown.MotayHutEX, Wellspring Glades, SpiritLight, 100, hubUberStateGroup, 42178, hutCExpOrb, 57455, , -172.7, -4583.2, -394, -4136
GladesTown.HoleHutEX, Wellspring Glades, SpiritLight, 100, hubUberStateGroup, 42178, hutDExpOrbB, 30520, , -118.5, -4520.3, -230, -4095
GladesTown.UpperLeftEX, Wellspring Glades, SpiritLight, 100, hubUberStateGroup, 42178, mediumExpB, 59623, , -373.8, -4102.9, -373.8, -4102.9
GladesTown.LupoSwimMiddleEX, Wellspring Glades, SpiritLight, 100, hubUberStateGroup, 42178, mediumExpE, 9780, , -224.4, -4160.6, -224.4, -4160.6
GladesTown.CaveBurrowEX, Wellspring Glades, SpiritLight, 100, hubUberStateGroup, 42178, mediumExpF, 18448, , -307.5, -4166.8, -307.5, -4166.8
GladesTown.BelowHoleHutEX, Wellspring Glades, SpiritLight, 100, hubUberStateGroup, 42178, mediumExpG, 6117, , -232.1, -4106.8, -232.1, -4106.8
GladesTown.KeyMokiHutEX, Wellspring Glades, SpiritLight, 100, hubUberStateGroup, 42178, hutEExpOrb, 51934, , -119.6, -4558.7, -387, -4161
GladesTown.AboveTpEX, Wellspring Glades, SpiritLight, 50, hubUberStateGroup, 42178, smallExpH, 42762, , -307.1, -4118.7, -307.1, -4118.7
GladesTown.AboveCaveEX, Wellspring Glades, SpiritLight, 50, hubUberStateGroup, 42178, smallExpA, 30206, , -364.4, -4171.3, -364.4, -4171.3
GladesTown.LupoSwimLeftEX, Wellspring Glades, SpiritLight, 50, hubUberStateGroup, 42178, smallExpB, 37028, , -277.1, -4171.8, -277.1, -4171.8
GladesTown.UpdraftCeilingEX, Wellspring Glades, SpiritLight, 50, hubUberStateGroup, 42178, smallExpC, 63404, , -239.6, -4129.9, -239.6, -4129.9
GladesTown.LeafPileEX, Wellspring Glades, SpiritLight, 50, hubUberStateGroup, 42178, smallExpG, 44748, , -160.6, -4098.2, -160.6, -4098.2
GladesTown.DamageTree, Wellspring Glades, Ability, AncestralLight, treesDontWorry, 0, AncestralLight, 120, , -368, -4158, -368, -4158
GladesTown.RebuildTheGlades, Wellspring Glades, Quest, SL1000, questUberStateGroup, 14019, rebuildGladesQuest, 44578, 2, -322, -4153, -322, -4153
GladesTown.TwillenGemQuest, Wellspring Glades, Quest, Shard, pickupsGroup, 23987, secretShardPickup, 14832, , -408, -4162, -408, -4162
GladesTown.RegrowTheGlades, Wellspring Glades, Quest, SL1000, questUberStateGroup, 14019, regrowGladesQuest, 26394, 2, -173, -4139, -173, -4139
WestGlades.GrappleEX, Wellspring Glades, SpiritLight, 100, wellspringGroupDescriptor, 53632, mediumExpA, 12019, , -515.3, -4102.5, -515.3, -4102.5
WestGlades.AbovePlantEX, Wellspring Glades, SpiritLight, 100, kwolokGroupDescriptor, 937, mediumExpC, 31036, , -586.1, -4090.3, -586.1, -4090.3
WestGlades.LowerPoolEX, Wellspring Glades, SpiritLight, 50, kwolokGroupDescriptor, 937, smallExpA, 40657, , -586.0, -4128.8, -586.0, -4128.8
WestGlades.UpperPoolEX, Wellspring Glades, SpiritLight, 100, kwolokGroupDescriptor, 937, mediumExpB, 45744, , -631.8, -4087.5, -631.8, -4087.5
WestGlades.SwimEC, Wellspring Glades, Resource, Energy, kwolokGroupDescriptor, 937, energyContainerA, 17761, , -690.3, -4114.5, -690.3, -4114.5
WestGlades.LeftOre, Wellspring Glades, Resource, Ore, kwolokGroupDescriptor, 937, orePickup, 6703, , -690.1, -4097.4, -690.1, -4097.4
WestGlades.RightOre, Wellspring Glades, Resource, Ore, kwolokGroupDescriptor, 937, orePickupB, 11846, , -559.7, -4062.7, -559.7, -4062.7
WestGlades.ShrineHC, Wellspring Glades, Resource, Life, wellspringGladesGroup, 44310, lifeVesselA, 36911, , -688.5, -4007.9, -688.5, -4007.9
WestGlades.CombatShrine, Wellspring Glades, Resource, ShardSlot, wellspringGladesGroup, 44310, shardSlotUpgrade, 9902, , -635.4, -4016.2, -635.4, -4016.2
OuterWellspring.RightWallOre, The Wellspring, Resource, Ore, wellspringGroupDescriptor, 53632, orePickupB, 25556, , -738.7, -4017.7, -738.7, -4017.7
OuterWellspring.RightWallEC, The Wellspring, Resource, Energy, wellspringGroupDescriptor, 53632, energyVesselA, 1911, , -735.3, -3988.3, -735.3, -3988.3
OuterWellspring.RightWallEX, The Wellspring, SpiritLight, 100, wellspringGroupDescriptor, 53632, mediumExpOrbPlaceholderE, 51706, , -745.1, -3942.0, -745.1, -3942.0
OuterWellspring.TrialOre, The Wellspring, Resource, Ore, waterMillStateGroupDescriptor, 37858, gorlekOreA, 58286, , -677.7, -3933.2, -677.7, -3933.2
OuterWellspring.SpiritTrial, The Wellspring, SpiritLight, 1000, raceGroup, 44964, wellspringRace, 11512, 2, -668, -3937, -668, -3937
OuterWellspring.UltraGrappleShard, The Wellspring, Shard, UltraGrapple, pickupsGroup, 23987, ultraLeashShardPickup, 12104, , -798.7, -3912.2, -798.7, -3912.2
OuterWellspring.HiddenHC, The Wellspring, Resource, Life, wellspringGroupDescriptor, 53632, lifeVesselA, 17403, , -877.8, -3961.0, -877.8, -3961.0
OuterWellspring.EntranceRoofEX, The Wellspring, SpiritLight, 100, wellspringGroupDescriptor, 53632, mediumExpOrbPlaceholderF, 42264, , -848.9, -4023.5, -848.9, -4023.5
OuterWellspring.WheelEX, The Wellspring, SpiritLight, 100, wellspringGroupDescriptor, 53632, mediumExpOrbPlaceholderG, 6500, , -898.5, -4066.7, -898.5, -4066.7
OuterWellspring.BasementEC, The Wellspring, Resource, Energy, wellspringGroupDescriptor, 53632, energyVesselB, 6869, , -857.0, -4115.5, -857.0, -4115.5
OuterWellspring.LifeHarvestShard, The Wellspring, Shard, LifeHarvest, pickupsGroup, 23987, vitalityLuckShardPickup, 53934, , -999.2, -4029.4, -999.2, -4029.4
OuterWellspring.SwimEX, The Wellspring, SpiritLight, 100, wellspringGroupDescriptor, 53632, mediumExpOrbPlaceholderC, 62356, , -824.6, -4084.8, -824.6, -4084.8
OuterWellspring.SwimOre, The Wellspring, Resource, Ore, wellspringGroupDescriptor, 53632, orePickupA, 21124, , -760.5, -4093.2, -760.5, -4093.2
OuterWellspring.TheLostCompass, The Wellspring, Quest, Ore, questUberStateGroup, 14019, lostCompassQuest, 20667, 3, -811, -3973, -811, -3973
InnerWellspring.ThornShard, The Wellspring, Shard, Thorn, pickupsGroup, 23987, counterstrikeShardPickup, 31426, , -1375.8, -3994.2, -1375.8, -3994.2
InnerWellspring.ThornEX, The Wellspring, SpiritLight, 100, waterMillStateGroupDescriptor, 37858, mediumExpA, 22107, , -1371.9, -3938.5, -1371.9, -3938.5
InnerWellspring.ThreeWheelsEX, The Wellspring, SpiritLight, 50, waterMillStateGroupDescriptor, 37858, smallExpA, 45906, , -1247.0, -3926.7, -1247.0, -3926.7
InnerWellspring.WaterSwitchEX, The Wellspring, SpiritLight, 100, waterMillStateGroupDescriptor, 37858, xpOrbWater, 45656, , -1197.2, -3971.9, -1197.2, -3971.9
InnerWellspring.DrainHC, The Wellspring, Resource, Life, waterMillStateGroupDescriptor, 37858, healthContainerA, 25833, , -1168.6, -3989.6, -1168.6, -3989.6
InnerWellspring.DrainEX, The Wellspring, SpiritLight, 100, waterMillStateGroupDescriptor, 37858, mediumExpA, 41380, , -1063.4, -3961.1, -1063.4, -3961.1
InnerWellspring.LaserOre, The Wellspring, Resource, Ore, waterMillStateGroupDescriptor, 37858, gorlekOreB, 58846, , -1077.3, -3936.4, -1077.3, -3936.4
InnerWellspring.LeverEC, The Wellspring, Resource, Energy, waterMillStateGroupDescriptor, 37858, energyVessel, 57552, , -1109.4, -3864.0, -1109.4, -3864.0
InnerWellspring.LupoEX, The Wellspring, SpiritLight, 100, waterMillStateGroupDescriptor, 37858, mediumExpB, 41911, , -1142.4, -3861.8, -1142.4, -3861.8
InnerWellspring.LupoMap, The Wellspring, Shop, LupoZoneMap, npcsStateGroup, 48248, hasMapWellspring, 1590, , -1190, -3861, -1190, -3861
InnerWellspring.ShortcutWheelEX, The Wellspring, SpiritLight, 200, waterMillStateGroupDescriptor, 37858, xpOrbA, 33063, , -1227.6, -3910.5, -1227.6, -3910.5
InnerWellspring.GrappleTreeEX, The Wellspring, SpiritLight, 100, waterMillStateGroupDescriptor, 37858, mediumExpA, 31136, , -1307.6, -3884.3, -1307.6, -3884.3
InnerWellspring.GrappleTree, The Wellspring, Ability, Grapple, treesDontWorry, 0, Grapple, 57, , -1309, -3905, -1309, -3905
InnerWellspring.AboveSpinArenaEX, The Wellspring, SpiritLight, 200, waterMillStateGroupDescriptor, 37858, expOrb, 64086, , -1236.5, -3739.3, -1236.5, -3739.3
InnerWellspring.HandToHandHerbs, The Wellspring, Quest, Herbs, questUberStateGroup, 14019, tradeSequenceQuest, 26318, 3, -1168, -3733, -1168, -3733
InnerWellspring.RotateRoomEX, The Wellspring, SpiritLight, 100, waterMillStateGroupDescriptor, 37858, mediumExpB, 52110, , -1151.4, -3840.1, -1151.4, -3840.1
InnerWellspring.RotateRoomOre, The Wellspring, Resource, Ore, waterMillStateGroupDescriptor, 37858, gorlekOreA, 47533, , -1178.0, -3755.0, -1178.0, -3755.0
InnerWellspring.NeedleQI, The Wellspring, Quest, Needle, wellspringGroupDescriptor, 53632, questItemCompass, 41227, , -1185.5, -3696.3, -1185.5, -3696.3
InnerWellspring.LibraryEX, The Wellspring, SpiritLight, 100, waterMillStateGroupDescriptor, 37858, mediumExpA, 59022, , -1252.2, -3681.8, -1252.2, -3681.8
InnerWellspring.AboveTpEX, The Wellspring, SpiritLight, 50, waterMillStateGroupDescriptor, 37858, smallExpOrb, 2797, , -1316.6, -3663.6, -1316.6, -3663.6
InnerWellspring.BlueMoonSeed, The Wellspring, Quest, Seed, questUberStateGroup, 14019, gardenerSeedGrappleCollected, 24142, , -1185.4, -3668.8, -1185.4, -3668.8
InnerWellspring.SwimOre, The Wellspring, Resource, Ore, waterMillStateGroupDescriptor, 37858, gorlekOreA, 32932, , -1203.9, -3715.7, -1203.9, -3715.7
InnerWellspring.EscapeRevisitEX, The Wellspring, SpiritLight, 100, waterMillStateGroupDescriptor, 37858, xpOrb, 56444, , -1313.1, -3640.1, -1313.1, -3640.1
InnerWellspring.WaterEscape, The Wellspring, Quest, Water, waterMillStateGroupDescriptor, 37858, finishedWatermillEscape, 12379, , -481, -3763, -1159, -3635
PoolsApproach.CurrentEX, Luma Pools, SpiritLight, 100, lagoonStateGroup, 945, mediumExpB, 10682, , -1047.3, -4216.8, -1047.3, -4216.8
PoolsApproach.AboveWheelEX, Luma Pools, SpiritLight, 100, lagoonStateGroup, 945, mediumExpA, 14530, , -940.7, -4144.7, -940.7, -4144.7
PoolsApproach.MillPathHC, Luma Pools, Resource, Life, lagoonStateGroup, 945, lagoonMillTransitionHealthCell, 37243, , -850.6, -4195.6, -850.6, -4195.6
PoolsApproach.MillPathEC, Luma Pools, Resource, Energy, lagoonStateGroup, 945, energyCellA, 21334, , -924.3, -4169.5, -924.3, -4169.5
PoolsApproach.MillPathEX, Luma Pools, SpiritLight, 100, lagoonStateGroup, 945, medExpA, 58723, , -894.4, -4137.2, -894.4, -4137.2
EastPools.RightOre, Luma Pools, Resource, Ore, lumaPoolsStateGroup, 5377, orePickupA, 34852, , -1134.6, -4115.9, -1134.6, -4115.9
EastPools.KwolokAmuletQI, Luma Pools, Quest, Amulet, questUberStateGroup, 14019, kwoloksWisdomItemCollected, 53103, , -1173, -4154, -1173, -4154
EastPools.TwoCrushersEX, Luma Pools, SpiritLight, 100, lumaPoolsStateGroup, 5377, xpOrbD, 13832, , -1176.4, -4177.9, -1176.4, -4177.9
EastPools.CurrentEX, Luma Pools, SpiritLight, 100, lumaPoolsStateGroup, 5377, xpOrbC, 17396, , -1214.3, -4182.0, -1214.3, -4182.0
EastPools.BelowLeverEX, Luma Pools, SpiritLight, 100, lumaPoolsStateGroup, 5377, xpOrbA, 27204, , -1230.6, -4125.7, -1230.6, -4125.7
EastPools.AboveDoorOre, Luma Pools, Resource, Ore, lumaPoolsStateGroup, 5377, pickupA, 19694, , -1248.7, -4139.0, -1248.7, -4139.0
EastPools.PurpleWallHC, Luma Pools, Resource, Life, lumaPoolsStateGroup, 5377, healthContainerA, 63201, , -1277.9, -4086.0, -1277.9, -4086.0
EastPools.HandToHandSpyglass, Luma Pools, Quest, Spyglass, questUberStateGroup, 14019, tradeSequenceQuest, 26318, 8, -1284, -4126, -1284, -4126
EastPools.AboveTpEX, Luma Pools, SpiritLight, 100, lumaPoolsStateGroup, 5377, xpOrbA, 7540, , -1336.2, -4102.9, -1336.2, -4102.9
EastPools.LupoOre, Luma Pools, Resource, Ore, lumaPoolsStateGroup, 5377, gorlekOreA, 12235, , -1370.0, -4166.2, -1370.0, -4166.2
EastPools.UltraBashShard, Luma Pools, Shard, UltraBash, pickupsGroup, 23987, ultraBashShardPickup, 25996, , -1284.6, -4196.2, -1284.6, -4196.2
EastPools.FightRoomHC, Luma Pools, Resource, Life, lumaPoolsStateGroup, 5377, healthContainerA, 45774, , -1365.2, -4109.5, -1365.2, -4109.5
EastPools.SpiritTrial, Luma Pools, SpiritLight, 1000, raceGroup, 44964, lumaPoolsRace, 54686, 2, -1417, -4126, -1417, -4126
EastPools.EnergyHarvestShard, Luma Pools, Shard, EnergyHarvest, lumaPoolsStateGroup, 5377, spiritShard, 40328, , -1441.4, -4129.7, -1441.4, -4129.7
EastPools.LupoEX, Luma Pools, SpiritLight, 100, lumaPoolsStateGroup, 5377, xpOrbB, 35440, , -1414.3, -4154.6, -1414.3, -4154.6
EastPools.LupoMap, Luma Pools, Shop, LupoZoneMap, npcsStateGroup, 48248, hasMapLumaPools, 1557, , -1391, -4167, -1391, -4167
EastPools.BehindCrusherEX, Luma Pools, SpiritLight, 100, lumaPoolsStateGroup, 5377, xpOrbA, 18345, , -1430.7, -4180.9, -1430.7, -4180.9
EastPools.GrassSeed, Luma Pools, Quest, Seed, questUberStateGroup, 14019, gardenerSeedGrassCollected, 28662, , -1528.0, -4140.0, -1528.0, -4140.0
UpperPools.LowerKS, Luma Pools, Resource, Keystone, lumaPoolsStateGroup, 5377, keystoneC, 46926, , -1576.1, -4125.4, -1576.1, -4125.4
UpperPools.UpperLeftKS, Luma Pools, Resource, Keystone, lumaPoolsStateGroup, 5377, keystoneA, 35091, , -1547.8, -4080.7, -1547.8, -4080.7
UpperPools.UpperMidKS, Luma Pools, Resource, Keystone, lumaPoolsStateGroup, 5377, keystoneB, 16426, , -1537.9, -4074.0, -1537.9, -4074.0
UpperPools.UpperRightKS, Luma Pools, Resource, Keystone, lumaPoolsStateGroup, 5377, keystoneD, 41881, , -1517.7, -4079.1, -1517.7, -4079.1
UpperPools.FishPoolEX, Luma Pools, SpiritLight, 50, lumaPoolsStateGroup, 5377, mediumExpOrbPlaceholderC, 33110, , -1568.0, -4063.2, -1568.0, -4063.2
UpperPools.FishPoolOre, Luma Pools, Resource, Ore, lumaPoolsStateGroup, 5377, gorlekOreA, 31434, , -1535.3, -4034.0, -1535.3, -4034.0
UpperPools.BubblesEC, Luma Pools, Resource, Energy, lumaPoolsStateGroup, 5377, energyCellFragmentA, 1600, , -1643.0, -4002.7, -1643.0, -4002.7
UpperPools.RightBubblesEX, Luma Pools, SpiritLight, 200, lumaPoolsStateGroup, 5377, largeExpOrbPlaceholderA, 628, , -1572, -4077, -1572, -4077
UpperPools.LeftBubblesEX, Luma Pools, SpiritLight, 100, lumaPoolsStateGroup, 5377, xpOrbA, 21860, , -1645, -4085, -1645, -4085
UpperPools.SwimDashTree, Luma Pools, Ability, SwimDash, treesDontWorry, 0, SwimDash, 104, , -1430, -4082, -1430, -4082
UpperPools.CurrentEX, Luma Pools, SpiritLight, 100, lumaPoolsStateGroup, 5377, xpOrbB, 52791, , -1468, -4098, -1468, -4098
UpperPools.RoofEX, Luma Pools, SpiritLight, 100, lumaPoolsStateGroup, 5377, xpOrbA, 33180, , -1449, -4037, -1449, -4037
UpperPools.WaterfallEC, Luma Pools, Resource, Energy, lumaPoolsStateGroup, 5377, energyContainerA, 32750, , -1389, -4040, -1389, -4040
WestPools.BurrowEX, Luma Pools, SpiritLight, 200, lumaPoolsStateGroup, 5377, xpOrbB, 62180, , -1655, -4189, -1655, -4189
WestPools.BurrowOre, Luma Pools, Resource, Ore, lumaPoolsStateGroup, 5377, gorlekOreA, 65019, , -1770, -4125, -1770, -4125
WestPools.TpEX, Luma Pools, SpiritLight, 50, lumaPoolsStateGroup, 5377, xpOrbA, 25391, , -1650, -4160, -1650, -4160
WestPools.EscapeRevisitEX, Luma Pools, SpiritLight, 100, lumaPoolsStateGroup, 5377, xpOrbA, 44122, , -1654, -4143, -1654, -4143
WestPools.ForestsStrength, Luma Pools, Wisp, Strength, lagoonStateGroup, 945, bossReward, 49747, , -1928, -4066, -1928, -4066
WoodsEntry.LastTreeBranch, Silent Woods, Quest, Branch, questUberStateGroup, 14019, treeKeeperQuest, 59708, 1, 513, -4158, 513, -4158
WoodsEntry.DollQI, Silent Woods, Quest, Doll, questUberStateGroup, 14019, familyReunionItemCollected, 57399, , 441, -4119, 469, -4180
WoodsEntry.TreeSeed, Silent Woods, Quest, Seed, questUberStateGroup, 14019, gardenerSeedTreeCollected, 7470, , 513, -4159, 513, -4159
WoodsEntry.MudPitEX, Silent Woods, SpiritLight, 50, _petrifiedForestGroup, 58674, CollectibleXpA, 8487, , 514, -4185, 514, -4185
WoodsEntry.LedgeOre, Silent Woods, Resource, Ore, _petrifiedForestGroup, 58674, gorlekOreA, 28710, , 411, -4174, 411, -4174
WoodsEntry.LeafPileEX, Silent Woods, SpiritLight, 50, _petrifiedForestGroup, 58674, xpOrbA, 22472, , 485, -4165, 485, -4165
WoodsEntry.TpEX, Silent Woods, SpiritLight, 50, _petrifiedForestGroup, 58674, CollecitbleXPB, 59691, , 628, -4156, 628, -4156
WoodsEntry.LowerKS, Silent Woods, Resource, Keystone, _petrifiedForestGroup, 58674, keyStoneD, 40073, , 690, -4189, 690, -4189
WoodsEntry.UpperKS, Silent Woods, Resource, Keystone, _petrifiedForestGroup, 58674, keyStoneC, 11736, , 641, -4166, 641, -4166
WoodsMain.RightKS, Silent Woods, Resource, Keystone, _petrifiedForestGroup, 58674, keyStoneC, 43033, , 956, -4148, 956, -4148
WoodsMain.UpperKS, Silent Woods, Resource, Keystone, _petrifiedForestGroup, 58674, keyStoneB, 19769, , 908, -4120, 908, -4120
WoodsMain.LeftKS, Silent Woods, Resource, Keystone, _petrifiedForestGroup, 58674, keyStoneA, 42531, , 886, -4123, 886, -4123
WoodsMain.LowerKS, Silent Woods, Resource, Keystone, _petrifiedForestGroup, 58674, keyStoneD, 780, , 929, -4185, 929, -4185
WoodsMain.BehindWallOre, Silent Woods, Resource, Ore, _petrifiedForestGroup, 58674, gorlekOreA, 26274, , 988, -4172, 988, -4172
WoodsMain.LowerLeafPileEX, Silent Woods, SpiritLight, 50, _petrifiedForestGroup, 58674, expOrbC, 42158, , 948, -4210, 948, -4210
WoodsMain.MiddleLeafPileEX, Silent Woods, SpiritLight, 50, _petrifiedForestGroup, 58674, expOrbD, 33893, , 951, -4168, 951, -4168
WoodsMain.UpperLeafPileEX, Silent Woods, SpiritLight, 100, _petrifiedForestGroup, 58674, expOrbC, 30908, , 968, -4142, 968, -4142
WoodsMain.YellowWallEX, Silent Woods, SpiritLight, 100, _petrifiedForestGroup, 58674, expOrbD, 59714, , 1069, -4099, 1069, -4099
WoodsMain.HiddenOre, Silent Woods, Resource, Ore, _petrifiedForestGroup, 58674, gorlekOreA, 20713, , 1011, -4070, 1011, -4070
WoodsMain.HiddenEX, Silent Woods, SpiritLight, 100, _petrifiedForestGroup, 58674, mediumPickupC, 54516, , 936, -4044, 936, -4044
WoodsMain.BelowKeystonesEX, Silent Woods, SpiritLight, 50, _petrifiedForestGroup, 58674, expOrbA, 23186, , 941, -4185, 941, -4185
WoodsMain.BehindDoorRoofEX, Silent Woods, SpiritLight, 100, _petrifiedForestGroup, 58674, expOrbA, 64057, , 968, -4124, 968, -4124
WoodsMain.PetrifiedHowlEX, Silent Woods, SpiritLight, 50, _petrifiedForestGroup, 58674, smallPickupA, 17974, , 904, -4075, 904, -4075
WoodsMain.SpiritTrial, Silent Woods, SpiritLight, 1000, raceGroup, 44964, silentWoodlandRace, 22703, 2, 820, -4047, 820, -4047
WoodsMain.OverflowShard, Silent Woods, Shard, Overflow, pickupsGroup, 23987, recycleShardPickup, 25183, , 827, -3939, 827, -3939
WoodsMain.CombatShrine, Silent Woods, Resource, ShardSlot, _petrifiedForestGroup, 58674, enemyRoom, 29265, , 1361, -4064, 1361, -4064
WoodsMain.ShrineEX, Silent Woods, SpiritLight, 100, _petrifiedForestGroup, 58674, expOrbA, 32647, , 1406, -4065, 1406, -4065
WoodsMain.FeedingGroundsEX, Silent Woods, SpiritLight, 200, _petrifiedForestGroup, 58674, expOrb, 64484, , 1464, -4008, 1464, -4008
LowerReach.BelowBaurEX, Baurs Reach, SpiritLight, 50, baursReachGroup, 28895, smallXPOrbA, 55384, , -401, -4053, -401, -4053
LowerReach.AboveBaurLowerEX, Baurs Reach, SpiritLight, 50, baursReachGroup, 28895, smallXPOrbB, 24533, , -416, -3968, -416, -3968
LowerReach.AboveBaurUpperEX, Baurs Reach, SpiritLight, 100, baursReachGroup, 28895, mediumExpOrb, 3777, , -439, -3946, -439, -3946
LowerReach.IcefallOre, Baurs Reach, Resource, Ore, baursReachGroup, 28895, gorlekOreA, 58675, , -483, -3974, -483, -3974
LowerReach.IcefallEX, Baurs Reach, SpiritLight, 200, baursReachGroup, 28895, largeXPOrbA, 45337, , -500, -3970, -500, -3970
LowerReach.AboveDoorEX, Baurs Reach, SpiritLight, 50, baursReachGroup, 28895, xpOrbA, 38143, , -337, -3999, -337, -3999
LowerReach.HiddenOre, Baurs Reach, Resource, Ore, baursReachGroup, 28895, orePlaceholder, 47529, , -346, -3947, -346, -3947
LowerReach.LupoMap, Baurs Reach, Shop, LupoZoneMap, npcsStateGroup, 48248, hasMapBaursReach, 29604, , -275, -3996, -275, -3996
LowerReach.MeltIceEX, Baurs Reach, SpiritLight, 100, baursReachGroup, 28895, xpOrbF, 4301, , -350, -4039, -350, -4039
LowerReach.BurrowEX, Baurs Reach, SpiritLight, 50, baursReachGroup, 28895, xpOrbE, 45066, , -331, -4051, -331, -4051
LowerReach.TPLeftEX, Baurs Reach, SpiritLight, 100, baursReachGroup, 28895, xpOrbC, 36231, , -340, -3984, -340, -3984
LowerReach.BelowLupoEX, Baurs Reach, SpiritLight, 100, baursReachGroup, 28895, xpOrbB, 38049, , -282, -4013, -282, -4013
LowerReach.BreakWallEX, Baurs Reach, SpiritLight, 200, hubUberStateGroup, 42178, mediumExpB, 40609, , -194, -4043, -194, -4043
LowerReach.WindBottomEX, Baurs Reach, SpiritLight, 50, baursReachGroup, 28895, smallXPOrbB, 35045, , -215, -4057, -215, -4057
LowerReach.WindHiddenEX, Baurs Reach, SpiritLight, 50, baursReachGroup, 28895, smallXPOrbA, 54373, , -205, -4011, -205, -4011
LowerReach.HandToHandHat, Baurs Reach, Quest, Hat, questUberStateGroup, 14019, tradeSequenceQuest, 26318, 5, -244, -3989, -244, -3989
LowerReach.SnowballHC, Baurs Reach, Resource, Life, baursReachGroup, 28895, healthCellA, 40744, , -190, -4017, -190, -4017
LowerReach.RoofLeftEX, Baurs Reach, SpiritLight, 200, baursReachGroup, 28895, xpOrbC, 53283, , -112, -3950, -112, -3950
LowerReach.RoofRightEX, Baurs Reach, SpiritLight, 50, baursReachGroup, 28895, xpOrbB, 46711, , -72, -3951, -72, -3951
LowerReach.FractureShard, Baurs Reach, Shard, Fracture, pickupsGroup, 23987, fractureShardPickup, 36359, , -81, -4001, -81, -4001
LowerReach.EscapeRevisitEX, Baurs Reach, SpiritLight, 200, baursReachGroup, 28895, xpOrbB, 46404, , 71, -3731, 71, -3731
LowerReach.ForestsMemory, Baurs Reach, Wisp, Memory, baursReachGroup, 28895, wispRewardPickup, 25522, , -31, -3711, -31, -3711
LowerReach.RightKS, Baurs Reach, Resource, Keystone, baursReachGroup, 28895, keystoneA, 29898, , 34, -4025, 34, -4025
LowerReach.UpperLeftKS, Baurs Reach, Resource, Keystone, baursReachGroup, 28895, keystoneC, 10823, , -84, -4025, -84, -4025
LowerReach.MiddleLeftKS, Baurs Reach, Resource, Keystone, baursReachGroup, 28895, keystoneB, 37444, , -80, -4040, -80, -4040
LowerReach.BottomLeftKS, Baurs Reach, Resource, Keystone, baursReachGroup, 28895, keystoneD, 18358, , -58, -4055, -58, -4055
LowerReach.TrialEX, Baurs Reach, SpiritLight, 100, baursReachGroup, 28895, mediumExpOrb, 22761, , -39, -4018, -39, -4018
LowerReach.SpiritTrial, Baurs Reach, SpiritLight, 1000, raceGroup, 44964, baursReachWindTunnelRace, 23661, 2, 75, -4046, 75, -4046
LowerReach.CatalystShard, Baurs Reach, Shard, Catalyst, pickupsGroup, 23987, hollowEnergyShardPickup, 897, , -90, -4097, -90, -4097
LowerReach.HandToHandSoup, Baurs Reach, Quest, Soup, questUberStateGroup, 14019, tradeSequenceQuest, 26318, 4, -110, -4090, -110, -4090
UpperReach.LifeForceShard, Baurs Reach, Shard, Lifeforce, pickupsGroup, 23987, untouchableShardPickup, 19630, , -400, -3861, -400, -3861
UpperReach.LifeForceEX, Baurs Reach, SpiritLight, 100, winterForestGroupDescriptor, 28287, mediumExpA, 32414, , -423, -3876, -423, -3876
UpperReach.LowerKS, Baurs Reach, Resource, Keystone, baursReachGroup, 28895, keystoneB, 1053, , -248, -3891, -248, -3891
UpperReach.UpperKS, Baurs Reach, Resource, Keystone, baursReachGroup, 28895, keystoneD, 50368, , -207, -3843, -207, -3843
UpperReach.MiddleLeftKS, Baurs Reach, Resource, Keystone, baursReachGroup, 28895, keystoneA, 22382, , -232, -3869, -232, -3869
UpperReach.MiddleRightKS, Baurs Reach, Resource, Keystone, baursReachGroup, 28895, keystoneC, 9949, , -184, -3867, -184, -3867
UpperReach.SoupOre, Baurs Reach, Resource, Ore, baursReachGroup, 28895, gorlekOreA, 23795, , -203, -3886, -203, -3886
UpperReach.SwingPoleEX, Baurs Reach, SpiritLight, 100, baursReachGroup, 28895, xpOrbB, 40089, , -194, -3854, -194, -3854
UpperReach.SwimEX, Baurs Reach, SpiritLight, 100, baursReachGroup, 28895, xpOrbC, 40242, , -239, -3921, -239, -3921
UpperReach.LightBurstTree, Baurs Reach, Ability, LightBurst, treesDontWorry, 0, LightBurst, 51, , -106, -3934, -106, -3934
UpperReach.TreeOre, Baurs Reach, Resource, Ore, baursReachGroup, 28895, gorlekOreA, 39291, , -87, -3903, -87, -3903
UpperReach.WellEX, Baurs Reach, SpiritLight, 50, baursReachGroup, 28895, smallExpB, 7597, , -72, -3926, -72, -3926
UpperReach.SpringSeed, Baurs Reach, Quest, Seed, questUberStateGroup, 14019, gardenerSeedSpringCollected, 32376, , -103, -3858, -33, -3926
UpperReach.HiddenEX, Baurs Reach, SpiritLight, 200, baursReachGroup, 28895, largeExpOrb, 2129, , -172, -3928, -172, -3928
UpperDepths.EntrySpikesEX, Mouldwood Depths, SpiritLight, 100, mouldwoodDepthsGroup, 18793, mediumExpA, 19004, , 171, -4358, 171, -4358
UpperDepths.EntryRoofEX, Mouldwood Depths, SpiritLight, 100, mouldwoodDepthsGroup, 18793, xpOrbC, 15396, , 146, -4375, 146, -4375
UpperDepths.EntryOre, Mouldwood Depths, Resource, Ore, mouldwoodDepthsGroup, 18793, orePickupA, 35351, , 185, -4380, 185, -4380
UpperDepths.RightEntryKS, Mouldwood Depths, Resource, Keystone, mouldwoodDepthsGroup, 18793, keystone, 1914, , 317, -4454, 317, -4454
UpperDepths.LeftEntryKS, Mouldwood Depths, Resource, Keystone, mouldwoodDepthsGroup, 18793, keystoneA, 58148, , 146, -4426, 146, -4426
UpperDepths.SwimEC, Mouldwood Depths, Resource, Energy, mouldwoodDepthsGroup, 18793, energyContainerA, 26618, , 134, -4456, 134, -4456
UpperDepths.TeleporterEX, Mouldwood Depths, SpiritLight, 100, mouldwoodDepthsGroup, 18793, expOrbA, 29979, , 481, -4381, 481, -4381
UpperDepths.LeftHealthKS, Mouldwood Depths, Resource, Keystone, mouldwoodDepthsGroup, 18793, mouldwoodDepthsHKeystoneACollected, 53953, , 498, -4463, 498, -4463
UpperDepths.RightHealthKS, Mouldwood Depths, Resource, Keystone, mouldwoodDepthsGroup, 18793, mouldwoodDepthsHKeystoneBCollected, 23986, , 524, -4465, 524, -4465
UpperDepths.LightcatcherSeed, Mouldwood Depths, Quest, Seed, questUberStateGroup, 14019, gardenerSeedBashCollected, 8192, , 488, -4431, 488, -4431
UpperDepths.BossPathEX, Mouldwood Depths, SpiritLight, 200, mouldwoodDepthsGroup, 18793, XPOrbA, 18395, , 567, -4443, 567, -4443
UpperDepths.KeystoneHC, Mouldwood Depths, Resource, Life, mouldwoodDepthsGroup, 18793, healthCellB, 42235, , 531, -4452, 531, -4452
UpperDepths.HiveEX, Mouldwood Depths, SpiritLight, 100, mouldwoodDepthsGroup, 18793, expOrbB, 6573, , 425, -4385, 425, -4385
UpperDepths.ForestsEyes, Mouldwood Depths, Wisp, Eyes, mouldwoodDepthsGroup, 18793, bossReward, 63291, , 687, -4386, 687, -4386
LowerDepths.RaceStartHC, Mouldwood Depths, Resource, Life, mouldwoodDepthsGroup, 18793, healthCellA, 62694, , 496, -4499, 496, -4499
LowerDepths.SpiritTrial, Mouldwood Depths, SpiritLight, 1000, raceGroup, 44964, mouldwoodDepthsRace, 28552, 2, 478, -4517, 478, -4517
LowerDepths.BelowDoorOre, Mouldwood Depths, Resource, Ore, mouldwoodDepthsGroup, 18793, orePickupA, 836, , 436, -4507, 436, -4507
LowerDepths.SpiritSurgeShard, Mouldwood Depths, Shard, SpiritSurge, pickupsGroup, 23987, spiritPowerShardPickup, 986, , 564, -4571, 564, -4571
LowerDepths.HandToHandSilk, Mouldwood Depths, Quest, Silk, questUberStateGroup, 14019, tradeSequenceQuest, 26318, 7, 317, -4508, 317, -4508
LowerDepths.CombatShrine, Mouldwood Depths, Resource, ShardSlot, mouldwoodDepthsGroup, 18793, shrineEnemies, 31937, , 212, -4510, 212, -4510
LowerDepths.SwimEC, Mouldwood Depths, Resource, Energy, mouldwoodDepthsGroup, 18793, energyContainerA, 28175, , 324, -4535, 324, -4535
LowerDepths.LupoMap, Mouldwood Depths, Shop, LupoZoneMap, npcsStateGroup, 48248, hasMapMouldwoodDepths, 48423, , 682, -4576, 682, -4576
LowerDepths.LeftEX, Mouldwood Depths, SpiritLight, 100, mouldwoodDepthsGroup, 18793, expOrbB, 2881, , 387, -4523, 387, -4523
LowerDepths.RightEX, Mouldwood Depths, SpiritLight, 200, mouldwoodDepthsGroup, 18793, expOrbC, 23799, , 799, -4512, 799, -4512
LowerDepths.FlashTree, Mouldwood Depths, Ability, Flash, treesDontWorry, 0, Flash, 62, , 776, -4541, 776, -4541
LowerWastes.WestTPOre, Windswept Wastes, Resource, Ore, desertAGroup, 7228, gorlekOre, 54494, , 1503, -4007, 1503, -4007
LowerWastes.PurpleWallEX, Windswept Wastes, SpiritLight, 100, desertAGroup, 7228, collectableADesertA, 56821, , 1535, -3997, 1535, -3997
LowerWastes.SunsetViewEX, Windswept Wastes, SpiritLight, 100, desertAGroup, 7228, collectableCDesertA, 52086, , 1607, -3975, 1607, -3975
LowerWastes.SpiritTrial, Windswept Wastes, SpiritLight, 1000, raceGroup, 44964, desertRace, 30767, 2, 1527, -4009, 1527, -4009
LowerWastes.SandBridgeOre, Windswept Wastes, Resource, Ore, windsweptWastesGroupDescriptor, 20120, gorlekOre, 46919, , 1658, -3974, 1658, -3974
LowerWastes.EerieGemQI, Windswept Wastes, Quest, Gem, questUberStateGroup, 14019, mineGemItemCollected, 58342, , 1641, -4003, 1641, -4003
LowerWastes.MuncherTunnelEC, Windswept Wastes, Resource, Energy, windsweptWastesGroupDescriptor, 20120, energyHalfCell, 11785, , 1653, -4015, 1653, -4015
LowerWastes.SandPotHC, Windswept Wastes, Resource, Life, windsweptWastesGroupDescriptor, 20120, lifeCellA, 62264, , 1698, -3977, 1698, -3977
LowerWastes.SandPotEX, Windswept Wastes, SpiritLight, 100, windsweptWastesGroupDescriptor, 20120, xpOrbB, 57781, , 1719, -3962, 1719, -3962
LowerWastes.MuncherPitEX, Windswept Wastes, SpiritLight, 100, windsweptWastesGroupDescriptor, 20120, xpOrbB, 10397, , 1795, -3998, 1795, -3998
LowerWastes.BottomRightEX, Windswept Wastes, SpiritLight, 200, windsweptWastesGroupDescriptor, 20120, expOrb, 224, , 1887, -3973, 1887, -3973
LowerWastes.BottomRightHC, Windswept Wastes, Resource, Life, windsweptWastesGroupDescriptor, 20120, healthContainer, 12941, , 1860, -4022, 1860, -4022
LowerWastes.LastStandShard, Windswept Wastes, Shard, LastStand, pickupsGroup, 23987, lastResortShardPickup, 50364, , 1833, -3936, 1833, -3936
LowerWastes.LastStandEX, Windswept Wastes, SpiritLight, 200, windsweptWastesGroupDescriptor, 20120, expOrbB, 33275, , 1839, -3907, 1839, -3907
LowerWastes.MuncherClimbEX, Windswept Wastes, SpiritLight, 50, windsweptWastesGroupDescriptor, 20120, xpOrbA, 57133, , 1765, -3921, 1765, -3921
LowerWastes.SkeetoHiveEX, Windswept Wastes, SpiritLight, 100, windsweptWastesGroupDescriptor, 20120, xpOrbA, 8910, , 1642, -3944, 1642, -3944
LowerWastes.HandToHandMapstone, Windswept Wastes, Quest, Mapstone, questUberStateGroup, 14019, tradeSequenceQuest, 26318, 10, 1685, -3923, 1685, -3923
LowerWastes.LupoMap, Windswept Wastes, Shop, LupoZoneMap, npcsStateGroup, 48248, hasMapWindsweptWastes, 61146, , 1647, -3899, 1647, -3899
LowerWastes.BurrowTree, Windswept Wastes, Ability, Burrow, treesDontWorry, 0, Grapple, 101, , 1583, -3930, 1583, -3930
LowerWastes.BurrowTreeEX, Windswept Wastes, SpiritLight, 100, windsweptWastesGroupDescriptor, 20120, xpOrbB, 19113, , 1601, -3953, 1601, -3953
LowerWastes.UpperPathEC, Windswept Wastes, Resource, Energy, windsweptWastesGroupDescriptor, 20120, energyContainer, 50026, , 1779, -3875, 1779, -3875
LowerWastes.UpperPathEX, Windswept Wastes, SpiritLight, 100, windsweptWastesGroupDescriptor, 20120, expOrbD, 48829, , 1809, -3883, 1809, -3883
LowerWastes.UpperPathHiddenEX, Windswept Wastes, SpiritLight, 200, windsweptWastesGroupDescriptor, 20120, expOrbE, 17798, , 1862, -3874, 1862, -3874
LowerWastes.UpperPathHC, Windswept Wastes, Resource, Life, windsweptWastesGroupDescriptor, 20120, halfLifeCell, 59046, , 1853, -3909, 1853, -3909
LowerWastes.EastTPOre, Windswept Wastes, Resource, Ore, windsweptWastesGroupDescriptor, 20120, gorlekOreB, 40245, , 1930, -3879, 1930, -3879
UpperWastes.LowerKS, Windswept Wastes, Resource, Keystone, desertAGroup, 7228, keystoneAUberState, 20282, , 1877, -3844, 1877, -3844
UpperWastes.UpperKS, Windswept Wastes, Resource, Keystone, desertAGroup, 7228, keystoneBUberStateGroup, 62117, , 1823, -3769, 1823, -3769
UpperWastes.TurmoilShard, Windswept Wastes, Shard, Turmoil, pickupsGroup, 23987, aggressorShardPickup, 48605, , 1779, -3783, 1779, -3783
UpperWastes.KSDoorEX, Windswept Wastes, SpiritLight, 100, desertAGroup, 7228, expOrb, 35329, , 1907, -3807, 1907, -3807
UpperWastes.LedgeEC, Windswept Wastes, Resource, Energy, windsweptWastesGroupDescriptor, 20120, energyOrbA, 22354, , 1950, -3778, 1950, -3778
UpperWastes.MissileSpawnEX, Windswept Wastes, SpiritLight, 100, windsweptWastesGroupDescriptor, 20120, xpOrbA, 30740, , 1951, -3838, 1951, -3838
UpperWastes.PurpleWallEX, Windswept Wastes, SpiritLight, 100, windsweptWastesGroupDescriptor, 20120, xpOrb, 52812, , 2006, -3826, 2006, -3826
UpperWastes.PurpleWallHC, Windswept Wastes, Resource, Life, windsweptWastesGroupDescriptor, 20120, lifeHalfCell, 18965, , 2027, -3843, 2027, -3843
UpperWastes.RoofEX, Windswept Wastes, SpiritLight, 100, windsweptWastesGroupDescriptor, 20120, xpOrbG, 2013, , 2025, -3729, 2025, -3729
UpperWastes.SpinLasersRightEX, Windswept Wastes, SpiritLight, 200, desertAGroup, 7228, xpOrbB, 54275, , 2006, -3724, 2006, -3724
UpperWastes.SpinLasersMiddleEX, Windswept Wastes, SpiritLight, 100, desertAGroup, 7228, xpOrbBUberState, 48993, , 1948, -3730, 1948, -3730
UpperWastes.SpinLasersLowerEX, Windswept Wastes, SpiritLight, 100, desertAGroup, 7228, xpOrbAUberState, 61548, , 1935, -3755, 1935, -3755
UpperWastes.FlowersSeed, Windswept Wastes, Quest, Seed, questUberStateGroup, 14019, gardenerSeedFlowersCollected, 20601, , 1996, -3651, 1996, -3651
UpperWastes.WallOre, Windswept Wastes, Resource, Ore, desertAGroup, 7228, gorlekOre, 8370, , 1952, -3616, 1952, -3616
WindtornRuins.EscapeRevisitEC, Windtorn Ruins, Resource, Energy, windtornRuinsGroup, 10289, energyHalfCell, 44555, , 2054, -4050, 2054, -4050
WindtornRuins.Seir, Windtorn Ruins, Wisp, Seir, windtornRuinsGroup, 10289, wispRewardPickup, 22102, , 2056, -3568, 2056, -3568
WindtornRuins.HandToHandComplete, Windtorn Ruins, Quest, Secrets, questUberStateGroup, 14019, tradeSequenceQuest, 26318, 11, 1969, -4024, 1969, -4024
WeepingRidge.Ore, Silent Woods, Resource, Ore, corruptedPeakGroup, 36153, gorlekOreA, 3013, , 1305, -3732, 1305, -3732
WeepingRidge.LaunchTree, Silent Woods, Ability, Launch, treesDontWorry, 0, Launch, 8, , 1363, -3815, 1363, -3815
WeepingRidge.SpikeClimbEX, Silent Woods, SpiritLight, 200, corruptedPeakGroup, 36153, expOrb, 36521, , 1382, -3767, 1382, -3767
WeepingRidge.PortalEX, Silent Woods, SpiritLight, 200, corruptedPeakGroup, 36153, xpOrbB, 12077, , 1331, -3798, 1331, -3798
WillowsEnd.SpikesOre, Willows End, Resource, Ore, willowsEndGroup, 16155, gorlekOreA, 38979, , 557, -3876, 557, -3876
WillowsEnd.EntryEX, Willows End, SpiritLight, 200, willowsEndGroup, 16155, expOrbA, 49381, , 470, -3915, 470, -3915
WillowsEnd.PoisonfallHC, Willows End, Resource, Life, willowsEndGroup, 16155, healthCellA, 46270, , 411, -3972, 411, -3972
WillowsEnd.LupoMap, Willows End, Shop, LupoZoneMap, npcsStateGroup, 48248, hasMapWillowsEnd, 4045, , 474, -3859, 474, -3859
WillowsEnd.WindSpinOre, Willows End, Resource, Ore, willowsEndGroup, 16155, gorlekOreA, 9230, , 326, -3811, 326, -3811
WillowsEnd.RedirectEX, Willows End, SpiritLight, 200, willowsEndGroup, 16155, xpOrbA, 55446, , 654, -3780, 654, -3780
WillowsEnd.UpperLeftEX, Willows End, SpiritLight, 200, corruptedPeakGroup, 36153, expOrbA, 23902, , 434, -3640, 434, -3640
WillowsEnd.UpperRightEX, Willows End, SpiritLight, 200, corruptedPeakGroup, 36153, expOrbB, 3662, , 540, -3655, 540, -3655
TwillenShop.Overcharge, Shop, Shop, TwillenShard, twillenShopDontWorry, 2, Overcharge, 1, , 0, 0, 0, 0
TwillenShop.TripleJump, Shop, Shop, TwillenShard, twillenShopDontWorry, 2, TripleJump, 2, , 0, 0, 0, 0
TwillenShop.Wingclip, Shop, Shop, TwillenShard, twillenShopDontWorry, 2, Wingclip, 3, , 0, 0, 0, 0
TwillenShop.Swap, Shop, Shop, TwillenShard, twillenShopDontWorry, 2, Swap, 5, , 0, 0, 0, 0
TwillenShop.LightHarvest, Shop, Shop, TwillenShard, twillenShopDontWorry, 2, LightHarvest, 19, , 0, 0, 0, 0
TwillenShop.Vitality, Shop, Shop, TwillenShard, twillenShopDontWorry, 2, Vitality, 22, , 0, 0, 0, 0
TwillenShop.Energy, Shop, Shop, TwillenShard, twillenShopDontWorry, 2, Energy, 26, , 0, 0, 0, 0
TwillenShop.Finesse, Shop, Shop, TwillenShard, twillenShopDontWorry, 2, Finesse, 40, , 0, 0, 0, 0
OpherShop.WaterBreath, Shop, Shop, OpherWeapon, opherShopDontWorry, 1, WaterBreath, 23, , 0, 0, 0, 0
OpherShop.Spike, Shop, Shop, OpherWeapon, opherShopDontWorry, 1, Spike, 74, , 0, 0, 0, 0
OpherShop.SpiritSmash, Shop, Shop, OpherWeapon, opherShopDontWorry, 1, SpiritSmash, 98, , 0, 0, 0, 0
OpherShop.Teleport, Shop, Shop, OpherWeapon, opherShopDontWorry, 1, Teleport, 105, , 0, 0, 0, 0
OpherShop.SpiritStar, Shop, Shop, OpherWeapon, opherShopDontWorry, 1, SpiritStar, 106, , 0, 0, 0, 0
OpherShop.Blaze, Shop, Shop, OpherWeapon, opherShopDontWorry, 1, Blaze, 115, , 0, 0, 0, 0
OpherShop.Sentry, Shop, Shop, OpherWeapon, opherShopDontWorry, 1, Sentry, 116, , 0, 0, 0, 0
OpherShop.ExplodingSpike, Shop, Shop, OpherWeapon, opherShopDontWorry, 1, ExplodingSpike, 1074, , 0, 0, 0, 0
OpherShop.ShockSmash, Shop, Shop, OpherWeapon, opherShopDontWorry, 1, ShockSmash, 1098, , 0, 0, 0, 0
OpherShop.StaticStar, Shop, Shop, OpherWeapon, opherShopDontWorry, 1, StaticStar, 1106, , 0, 0, 0, 0
OpherShop.ChargeBlaze, Shop, Shop, OpherWeapon, opherShopDontWorry, 1, ChargeBlaze, 1115, , 0, 0, 0, 0
OpherShop.RapidSentry, Shop, Shop, OpherWeapon, opherShopDontWorry, 1, RapidSentry, 1116, , 0, 0, 0, 0
LupoShop.HCMapIcon, Shop, Shop, LupoMap, npcsStateGroup, 48248, HCMapIcon, 19396, , 0, 0, -209, -4162
LupoShop.ECMapIcon, Shop, Shop, LupoMap, npcsStateGroup, 48248, ECMapIcon, 57987, , 0, 0, -209, -4162
LupoShop.ShardMapIcon, Shop, Shop, LupoMap, npcsStateGroup, 48248, ShardMapIcon, 41666, , 0, 0, -209, -4162